{
  "horizon": "3m",
  "kind": "pct_self",
  "note": "Weights computed from |IC| at given horizon, normalized within bucket. Positive-IC signals (trend-following) get weight 0.",
  "weights": {
    "insider_net_90d_signed": 0.0,
    "insider_buying_90d": 0.0,
    "short_volume_ratio_14d": 0.724397573391676,
    "si_true_dtc": 0.275602426608324,
    "ret_1m": 0.21670904342787364,
    "ret_3m": 0.3570019225092875,
    "ret_6m": 0.0,
    "dist_200ma": 0.0,
    "rsi_14": 0.2679328995304121,
    "pct_from_52w_high": 0.15835613453242683,
    "iv_rank_1y": 0.25,
    "iv_term_slope": 0.25,
    "skew_25d": 0.25,
    "pc_volume_ratio": 0.25
  }
}