{
  "horizon": "3m",
  "kind": "pct_self",
  "note": "Weights computed from |IC| at given horizon, normalized within bucket. Positive-IC signals (trend-following) get weight 0.",
  "weights": {
    "insider_net_90d_signed": 0.07358090732924255,
    "short_volume_ratio_14d": 0.2605775765567927,
    "si_true_dtc": 0.6658415161139648,
    "ret_1m": 0.25380178628798034,
    "ret_3m": 0.381297394948328,
    "ret_6m": 0.0,
    "dist_200ma": 0.0,
    "rsi_14": 0.3649008187636916,
    "pct_from_52w_high": 0.0,
    "iv_rank_1y": 0.25,
    "iv_term_slope": 0.25,
    "skew_25d": 0.25,
    "pc_volume_ratio": 0.25
  }
}