{
  "horizon": "3m",
  "kind": "pct_self",
  "note": "Weights computed from |IC| at given horizon, normalized within bucket. Positive-IC signals (trend-following) get weight 0.",
  "weights": {
    "insider_net_90d_signed": 0.0,
    "short_volume_ratio_14d": 0.2082020471826092,
    "si_true_dtc": 0.7917979528173908,
    "ret_1m": 0.07973733454671138,
    "ret_3m": 0.0571880960376076,
    "ret_6m": 0.0,
    "dist_200ma": 0.0,
    "rsi_14": 0.8630745694156811,
    "pct_from_52w_high": 0.0,
    "iv_rank_1y": 0.25,
    "iv_term_slope": 0.25,
    "skew_25d": 0.25,
    "pc_volume_ratio": 0.25
  }
}